problem,subject,attempts,tot-duration,blocks-tot,solved?,problem_characterization_studies12.nippy.problem,optimal-solution-length,trimmed-search-space,search-space,optimal?
103001,2y33FXDKgy,1,17.91064,1,true,103001,1,1,0,true
103001,5XMthsaPx3,1,29.99219,1,true,103001,1,1,0,true
103001,7AoPr2bnyt,1,12.32593,1,true,103001,1,1,0,true
103001,7DdcxB6H9E,1,23.14844,1,true,103001,1,1,0,true
103001,8OUYVtkbpB,1,29.82086,1,true,103001,1,1,0,true
103001,AfrjWapHEG,1,39.8111,2,true,103001,1,1,0,false
103001,BCRxVKUeup,1,20.87201,1,true,103001,1,1,0,true
103001,BDu7R1r8kl,1,29.34839,1,true,103001,1,1,0,true
103001,Dt3Eg9I18t,1,49.1391,1,true,103001,1,1,0,true
103001,EK5tuPRbrs,1,22.19983,1,true,103001,1,1,0,true
103001,EmyMDz1UCK,1,36.04077,1,true,103001,1,1,0,true
103001,FK50mKExU0,1,13.21793,1,true,103001,1,1,0,true
103001,FRdoQ5ndRp,1,17.80475,1,true,103001,1,1,0,true
103001,GyHK5eVubE,1,31.297,1,true,103001,1,1,0,true
103001,H5sA57EnOq,1,18.78772,1,true,103001,1,1,0,true
103001,Hkkh1FLGMF,1,25.44019,1,true,103001,1,1,0,true
103001,Kq13Iy4hOb,1,25.48071,1,true,103001,1,1,0,true
103001,MOBiIuj4HJ,1,14.49216,1,true,103001,1,1,0,true
103001,N5H1upTQAc,1,36.01819,1,true,103001,1,1,0,true
103001,OG4x7oVhdi,2,37.60492,3,true,103001,1,1,0,false
103001,SbdjrYVUry,2,77.85186,1,true,103001,1,1,0,true
103001,SgCcwkAxGQ,1,25.92209,1,true,103001,1,1,0,true
103001,TZ9Rfod7wQ,1,20.52298,1,true,103001,1,1,0,true
103001,Tp88NEDytf,1,34.11707,1,true,103001,1,1,0,true
103001,URxOKI9O7N,1,23.64398,1,true,103001,1,1,0,true
103001,WZfcTtiqsK,1,28.34662,1,true,103001,1,1,0,true
103001,YeUV9hapaA,1,18.24829,1,true,103001,1,1,0,true
103001,ZANAC6l7XM,1,32.8678,1,true,103001,1,1,0,true
103001,aJDGP7LS3I,1,29.58893,1,true,103001,1,1,0,true
103001,aOlPk2sYzY,1,33.84796,2,true,103001,1,1,0,false
103001,amUAet0x6T,1,13.88586,1,true,103001,1,1,0,true
103001,bAmPHFenyb,1,44.23047,1,true,103001,1,1,0,true
103001,d57PCNSbzH,1,16.85455,2,true,103001,1,1,0,false
103001,ddIGeYy1Ae,1,36.21191,2,true,103001,1,1,0,false
103001,eu8GqGa4Ep,1,29.41724,1,true,103001,1,1,0,true
103001,fReD6YQTSW,1,32.22412,1,true,103001,1,1,0,true
103001,ihezj9FJFR,1,20.68457,1,true,103001,1,1,0,true
103001,kMSgBTSSRm,1,33.06873,1,true,103001,1,1,0,true
103001,nD3LO7FQgE,1,30.70703,1,true,103001,1,1,0,true
103001,oGzpAvCzGu,1,47.5979,1,true,103001,1,1,0,true
103001,oezVZvTzNs,1,37.0929,1,true,103001,1,1,0,true
103001,tgfPpHX5nK,1,26.5896,1,true,103001,1,1,0,true
103001,zBl0qis9vZ,1,35.505,1,true,103001,1,1,0,true
103001,zcvB59Bh1f,1,28.83417,3,true,103001,1,1,0,false
103001,zgKnayJCLp,1,25.19934,1,true,103001,1,1,0,true
101015,2y33FXDKgy,1,12.84131,1,true,101015,1,2,9,true
101015,5XMthsaPx3,1,16.75415,1,true,101015,1,2,9,true
101015,7AoPr2bnyt,1,11.10352,1,true,101015,1,2,9,true
101015,7DdcxB6H9E,1,20.0083,1,true,101015,1,2,9,true
101015,8OUYVtkbpB,1,28.44275,1,true,101015,1,2,9,true
101015,AfrjWapHEG,1,23.55298,2,true,101015,1,2,9,false
101015,BCRxVKUeup,1,14.47797,1,true,101015,1,2,9,true
101015,BDu7R1r8kl,1,20.64606,1,true,101015,1,2,9,true
101015,Dt3Eg9I18t,1,24.89539,2,true,101015,1,2,9,false
101015,EK5tuPRbrs,1,54.15509,2,true,101015,1,2,9,false
101015,EmyMDz1UCK,1,27.64783,2,true,101015,1,2,9,false
101015,FK50mKExU0,1,15.93414,2,true,101015,1,2,9,false
101015,FRdoQ5ndRp,1,15.74084,1,true,101015,1,2,9,true
101015,GyHK5eVubE,1,29.48053,2,true,101015,1,2,9,false
101015,H5sA57EnOq,1,13.56027,1,true,101015,1,2,9,true
101015,Hkkh1FLGMF,1,21.33661,1,true,101015,1,2,9,true
101015,Kq13Iy4hOb,1,19.67505,2,true,101015,1,2,9,false
101015,MOBiIuj4HJ,1,22.58139,2,true,101015,1,2,9,false
101015,N5H1upTQAc,1,20.5274,2,true,101015,1,2,9,false
101015,OG4x7oVhdi,1,11.9552,1,true,101015,1,2,9,true
101015,SbdjrYVUry,2,69.8519,2,true,101015,1,2,9,false
101015,SgCcwkAxGQ,1,21.22107,2,true,101015,1,2,9,false
101015,TZ9Rfod7wQ,1,16.08783,2,true,101015,1,2,9,false
101015,Tp88NEDytf,1,35.56714,1,true,101015,1,2,9,true
101015,URxOKI9O7N,1,18.38568,1,true,101015,1,2,9,true
101015,WZfcTtiqsK,1,24.94415,2,true,101015,1,2,9,false
101015,YeUV9hapaA,1,14.30417,1,true,101015,1,2,9,true
101015,ZANAC6l7XM,1,25.38965,1,true,101015,1,2,9,true
101015,aJDGP7LS3I,1,20.26544,1,true,101015,1,2,9,true
101015,aOlPk2sYzY,1,14.35938,2,true,101015,1,2,9,false
101015,amUAet0x6T,1,12.33771,1,true,101015,1,2,9,true
101015,bAmPHFenyb,1,47.49487,2,true,101015,1,2,9,false
101015,d57PCNSbzH,1,10.54919,2,true,101015,1,2,9,false
101015,ddIGeYy1Ae,1,27.70532,4,true,101015,1,2,9,false
101015,eu8GqGa4Ep,1,23.74365,2,true,101015,1,2,9,false
101015,fReD6YQTSW,1,23.05164,1,true,101015,1,2,9,true
101015,ihezj9FJFR,1,15.85059,2,true,101015,1,2,9,false
101015,kMSgBTSSRm,1,31.77087,4,true,101015,1,2,9,false
101015,nD3LO7FQgE,1,36.99951,1,true,101015,1,2,9,true
101015,oGzpAvCzGu,1,47.32117,2,true,101015,1,2,9,false
101015,oezVZvTzNs,1,39.54675,2,true,101015,1,2,9,false
101015,tgfPpHX5nK,1,34.39844,1,true,101015,1,2,9,true
101015,zBl0qis9vZ,1,30.50482,2,true,101015,1,2,9,false
101015,zcvB59Bh1f,1,18.20001,1,true,101015,1,2,9,true
101015,zgKnayJCLp,1,30.10303,1,true,101015,1,2,9,true
102001,2y33FXDKgy,1,22.8988,1,true,102001,1,2,2,true
102001,5XMthsaPx3,1,24.12622,1,true,102001,1,2,2,true
102001,7AoPr2bnyt,1,10.71631,1,true,102001,1,2,2,true
102001,7DdcxB6H9E,1,14.37451,1,true,102001,1,2,2,true
102001,8OUYVtkbpB,1,33.53357,1,true,102001,1,2,2,true
102001,AfrjWapHEG,1,30.89404,1,true,102001,1,2,2,true
102001,BCRxVKUeup,1,16.20313,1,true,102001,1,2,2,true
102001,BDu7R1r8kl,1,15.5918,1,true,102001,1,2,2,true
102001,Dt3Eg9I18t,1,34.58167,1,true,102001,1,2,2,true
102001,EK5tuPRbrs,1,12.69989,1,true,102001,1,2,2,true
102001,EmyMDz1UCK,1,40.67358,1,true,102001,1,2,2,true
102001,FK50mKExU0,1,14.6004,1,true,102001,1,2,2,true
102001,FRdoQ5ndRp,1,30.04932,1,true,102001,1,2,2,true
102001,GyHK5eVubE,1,29.19617,1,true,102001,1,2,2,true
102001,H5sA57EnOq,1,14.73145,1,true,102001,1,2,2,true
102001,Hkkh1FLGMF,1,29.38867,1,true,102001,1,2,2,true
102001,Kq13Iy4hOb,1,24.58826,1,true,102001,1,2,2,true
102001,MOBiIuj4HJ,1,11.75934,1,true,102001,1,2,2,true
102001,N5H1upTQAc,1,22.77155,1,true,102001,1,2,2,true
102001,OG4x7oVhdi,1,16.38257,1,true,102001,1,2,2,true
102001,SbdjrYVUry,2,94.73612,2,true,102001,1,2,2,false
102001,SgCcwkAxGQ,1,21.17712,1,true,102001,1,2,2,true
102001,TZ9Rfod7wQ,1,14.50134,1,true,102001,1,2,2,true
102001,Tp88NEDytf,1,48.36755,1,true,102001,1,2,2,true
102001,URxOKI9O7N,1,16.02197,1,true,102001,1,2,2,true
102001,WZfcTtiqsK,1,19.50116,1,true,102001,1,2,2,true
102001,YeUV9hapaA,1,12.12973,1,true,102001,1,2,2,true
102001,ZANAC6l7XM,1,27.40344,1,true,102001,1,2,2,true
102001,aJDGP7LS3I,1,20.48419,1,true,102001,1,2,2,true
102001,aOlPk2sYzY,2,27.45715,3,true,102001,1,2,2,false
102001,amUAet0x6T,1,9.752441,1,true,102001,1,2,2,true
102001,bAmPHFenyb,1,37.07556,1,true,102001,1,2,2,true
102001,d57PCNSbzH,1,9.806274,1,true,102001,1,2,2,true
102001,ddIGeYy1Ae,1,43.23828,1,true,102001,1,2,2,true
102001,eu8GqGa4Ep,1,28.11755,1,true,102001,1,2,2,true
102001,fReD6YQTSW,1,40.89429,1,true,102001,1,2,2,true
102001,ihezj9FJFR,2,24.168461,3,true,102001,1,2,2,false
102001,kMSgBTSSRm,1,25.71777,1,true,102001,1,2,2,true
102001,nD3LO7FQgE,1,44.6582,1,true,102001,1,2,2,true
102001,oGzpAvCzGu,1,28.04858,1,true,102001,1,2,2,true
102001,oezVZvTzNs,1,22.44141,1,true,102001,1,2,2,true
102001,tgfPpHX5nK,1,20.51831,1,true,102001,1,2,2,true
102001,zBl0qis9vZ,1,19.27917,1,true,102001,1,2,2,true
102001,zcvB59Bh1f,1,23.68341,1,true,102001,1,2,2,true
102001,zgKnayJCLp,1,32.21497,1,true,102001,1,2,2,true
113030,2y33FXDKgy,4,93.76110800000001,7,true,113030,2,2,7,false
113030,5XMthsaPx3,1,113.3767,3,true,113030,2,2,7,false
113030,7AoPr2bnyt,2,54.47363,4,true,113030,2,2,7,false
113030,7DdcxB6H9E,1,126.7986,3,true,113030,2,2,7,false
113030,8OUYVtkbpB,1,50.94714,2,true,113030,2,2,7,true
113030,AfrjWapHEG,1,119.8456,7,true,113030,2,2,7,false
113030,BCRxVKUeup,2,47.2478,4,true,113030,2,2,7,false
113030,BDu7R1r8kl,1,45.27332,2,true,113030,2,2,7,true
113030,Dt3Eg9I18t,2,108.0199,4,true,113030,2,2,7,false
113030,EK5tuPRbrs,1,46.03101,5,true,113030,2,2,7,false
113030,EmyMDz1UCK,1,58.63794,2,true,113030,2,2,7,true
113030,FK50mKExU0,1,54.03827,3,true,113030,2,2,7,false
113030,FRdoQ5ndRp,1,40.70032,2,true,113030,2,2,7,true
113030,GyHK5eVubE,1,92.10559,3,true,113030,2,2,7,false
113030,H5sA57EnOq,1,64.48004,3,true,113030,2,2,7,false
113030,Hkkh1FLGMF,1,104.8354,3,true,113030,2,2,7,false
113030,Kq13Iy4hOb,1,61.95679,4,true,113030,2,2,7,false
113030,MOBiIuj4HJ,1,45.88492,2,true,113030,2,2,7,true
113030,N5H1upTQAc,1,62.17358,4,true,113030,2,2,7,false
113030,OG4x7oVhdi,1,47.24432,4,true,113030,2,2,7,false
113030,SbdjrYVUry,4,336.19155,6,true,113030,2,2,7,false
113030,SgCcwkAxGQ,1,99.28845,3,true,113030,2,2,7,false
113030,TZ9Rfod7wQ,1,50.45941,4,true,113030,2,2,7,false
113030,Tp88NEDytf,1,145.052,2,true,113030,2,2,7,true
113030,URxOKI9O7N,2,54.739254,3,true,113030,2,2,7,false
113030,WZfcTtiqsK,1,107.2905,3,true,113030,2,2,7,false
113030,YeUV9hapaA,1,84.08099,2,true,113030,2,2,7,true
113030,ZANAC6l7XM,1,50.44983,2,true,113030,2,2,7,true
113030,aJDGP7LS3I,1,115.5283,2,true,113030,2,2,7,true
113030,aOlPk2sYzY,1,57.60468,6,true,113030,2,2,7,false
113030,amUAet0x6T,1,27.18927,2,true,113030,2,2,7,true
113030,bAmPHFenyb,1,150.1426,2,true,113030,2,2,7,true
113030,d57PCNSbzH,5,163.693423,21,true,113030,2,2,7,false
113030,ddIGeYy1Ae,1,81.6886,4,true,113030,2,2,7,false
113030,eu8GqGa4Ep,1,66.18237,2,true,113030,2,2,7,true
113030,fReD6YQTSW,2,91.21399,5,true,113030,2,2,7,false
113030,ihezj9FJFR,1,43.70288,2,true,113030,2,2,7,true
113030,kMSgBTSSRm,1,169.5625,10,true,113030,2,2,7,false
113030,nD3LO7FQgE,1,216.1782,5,true,113030,2,2,7,false
113030,oGzpAvCzGu,1,96.54395,2,true,113030,2,2,7,true
113030,oezVZvTzNs,1,128.0448,2,true,113030,2,2,7,true
113030,tgfPpHX5nK,2,52.24463,3,true,113030,2,2,7,false
113030,zBl0qis9vZ,1,60.53284,2,true,113030,2,2,7,true
113030,zcvB59Bh1f,1,101.967,9,true,113030,2,2,7,false
113030,zgKnayJCLp,1,70.4303,2,true,113030,2,2,7,true
114040,2y33FXDKgy,1,31.58923,2,true,114040,2,2,2,true
114040,5XMthsaPx3,1,42.29614,3,true,114040,2,2,2,false
114040,7AoPr2bnyt,1,13.04492,3,true,114040,2,2,2,false
114040,7DdcxB6H9E,1,37.76416,2,true,114040,2,2,2,true
114040,8OUYVtkbpB,1,40.9447,3,true,114040,2,2,2,false
114040,AfrjWapHEG,1,40.64771,3,true,114040,2,2,2,false
114040,BCRxVKUeup,1,20.94562,2,true,114040,2,2,2,true
114040,BDu7R1r8kl,1,32.50281,2,true,114040,2,2,2,true
114040,Dt3Eg9I18t,1,50.99011,3,true,114040,2,2,2,false
114040,EK5tuPRbrs,1,21.24127,3,true,114040,2,2,2,false
114040,EmyMDz1UCK,1,48.83411,3,true,114040,2,2,2,false
114040,FK50mKExU0,1,26.10144,5,true,114040,2,2,2,false
114040,FRdoQ5ndRp,1,227.4143,3,true,114040,2,2,2,false
114040,GyHK5eVubE,1,64.29468,3,true,114040,2,2,2,false
114040,H5sA57EnOq,1,29.43573,2,true,114040,2,2,2,true
114040,Hkkh1FLGMF,1,76.74652,2,true,114040,2,2,2,true
114040,Kq13Iy4hOb,1,23.84998,3,true,114040,2,2,2,false
114040,MOBiIuj4HJ,1,21.91373,2,true,114040,2,2,2,true
114040,N5H1upTQAc,1,33.00134,2,true,114040,2,2,2,true
114040,OG4x7oVhdi,1,22.83783,2,true,114040,2,2,2,true
114040,SbdjrYVUry,2,106.92078000000001,2,true,114040,2,2,2,true
114040,SgCcwkAxGQ,1,30.43579,2,true,114040,2,2,2,true
114040,TZ9Rfod7wQ,1,17.20123,3,true,114040,2,2,2,false
114040,Tp88NEDytf,1,76.95129,2,true,114040,2,2,2,true
114040,URxOKI9O7N,1,29.79712,3,true,114040,2,2,2,false
114040,WZfcTtiqsK,1,42.84888,2,true,114040,2,2,2,true
114040,YeUV9hapaA,1,20.90421,2,true,114040,2,2,2,true
114040,ZANAC6l7XM,1,48.84033,2,true,114040,2,2,2,true
114040,aJDGP7LS3I,1,36.85974,2,true,114040,2,2,2,true
114040,aOlPk2sYzY,1,22.84637,4,true,114040,2,2,2,false
114040,amUAet0x6T,1,14.30542,2,true,114040,2,2,2,true
114040,bAmPHFenyb,1,87.82642,3,true,114040,2,2,2,false
114040,d57PCNSbzH,1,16.4801,4,true,114040,2,2,2,false
114040,ddIGeYy1Ae,1,45.48755,3,true,114040,2,2,2,false
114040,eu8GqGa4Ep,1,30.14209,3,true,114040,2,2,2,false
114040,fReD6YQTSW,1,115.1465,3,true,114040,2,2,2,false
114040,ihezj9FJFR,1,32.12109,2,true,114040,2,2,2,true
114040,kMSgBTSSRm,1,34.70239,2,true,114040,2,2,2,true
114040,nD3LO7FQgE,1,56.11035,4,true,114040,2,2,2,false
114040,oGzpAvCzGu,1,38.70166,2,true,114040,2,2,2,true
114040,oezVZvTzNs,1,62.66455,3,true,114040,2,2,2,false
114040,tgfPpHX5nK,1,27.04053,2,true,114040,2,2,2,true
114040,zBl0qis9vZ,1,46.47382,3,true,114040,2,2,2,false
114040,zcvB59Bh1f,1,23.88336,3,true,114040,2,2,2,false
114040,zgKnayJCLp,1,59.95044,2,true,114040,2,2,2,true
105007,2y33FXDKgy,1,27.74561,2,true,105007,2,4,8,true
105007,5XMthsaPx3,1,104.9106,3,true,105007,2,4,8,false
105007,7AoPr2bnyt,1,29.33643,2,true,105007,2,4,8,true
105007,7DdcxB6H9E,2,143.97779,12,true,105007,2,4,8,false
105007,8OUYVtkbpB,1,99.72797,11,true,105007,2,4,8,false
105007,AfrjWapHEG,1,77.5498,4,true,105007,2,4,8,false
105007,BCRxVKUeup,2,52.102174000000005,7,true,105007,2,4,8,false
105007,BDu7R1r8kl,1,38.32788,2,true,105007,2,4,8,true
105007,Dt3Eg9I18t,1,80.88794,4,true,105007,2,4,8,false
105007,EK5tuPRbrs,1,55.7132,8,true,105007,2,4,8,false
105007,EmyMDz1UCK,2,136.17712,6,true,105007,2,4,8,false
105007,FK50mKExU0,1,42.13477,4,true,105007,2,4,8,false
105007,FRdoQ5ndRp,2,87.87549000000001,6,true,105007,2,4,8,false
105007,GyHK5eVubE,1,67.16193,3,true,105007,2,4,8,false
105007,H5sA57EnOq,1,44.6391,2,true,105007,2,4,8,true
105007,Hkkh1FLGMF,1,36.9234,4,true,105007,2,4,8,false
105007,Kq13Iy4hOb,1,73.42883,4,true,105007,2,4,8,false
105007,MOBiIuj4HJ,1,30.71875,2,true,105007,2,4,8,true
105007,N5H1upTQAc,1,79.83136,7,true,105007,2,4,8,false
105007,OG4x7oVhdi,2,41.460570000000004,7,true,105007,2,4,8,false
105007,SbdjrYVUry,2,224.37226,10,true,105007,2,4,8,false
105007,SgCcwkAxGQ,1,44.16803,2,true,105007,2,4,8,true
105007,TZ9Rfod7wQ,1,22.45673,2,true,105007,2,4,8,true
105007,Tp88NEDytf,1,86.60071,2,true,105007,2,4,8,true
105007,URxOKI9O7N,1,42.50208,2,true,105007,2,4,8,true
105007,WZfcTtiqsK,1,36.52063,2,true,105007,2,4,8,true
105007,YeUV9hapaA,1,28.74725,2,true,105007,2,4,8,true
105007,ZANAC6l7XM,1,98.57446,2,true,105007,2,4,8,true
105007,aJDGP7LS3I,1,52.45795,2,true,105007,2,4,8,true
105007,aOlPk2sYzY,2,72.557557,10,true,105007,2,4,8,false
105007,amUAet0x6T,1,50.94342,8,true,105007,2,4,8,false
105007,bAmPHFenyb,1,165.0798,2,true,105007,2,4,8,true
105007,d57PCNSbzH,1,66.56714,6,true,105007,2,4,8,false
105007,ddIGeYy1Ae,1,114.6765,10,true,105007,2,4,8,false
105007,eu8GqGa4Ep,1,64.53271,4,true,105007,2,4,8,false
105007,fReD6YQTSW,1,103.7943,4,true,105007,2,4,8,false
105007,ihezj9FJFR,1,42.75342,5,true,105007,2,4,8,false
105007,kMSgBTSSRm,1,118.6398,10,true,105007,2,4,8,false
105007,nD3LO7FQgE,3,123.00976,7,true,105007,2,4,8,false
105007,oGzpAvCzGu,1,112.8933,2,true,105007,2,4,8,true
105007,oezVZvTzNs,1,94.35449,5,true,105007,2,4,8,false
105007,tgfPpHX5nK,1,52.22119,2,true,105007,2,4,8,true
105007,zBl0qis9vZ,1,159.9473,2,true,105007,2,4,8,true
105007,zcvB59Bh1f,1,50.7334,2,true,105007,2,4,8,true
105007,zgKnayJCLp,1,40.21802,2,true,105007,2,4,8,true
142260,2y33FXDKgy,1,23.21301,2,true,142260,2,4,440,true
142260,5XMthsaPx3,1,31.83838,3,true,142260,2,4,440,false
142260,7AoPr2bnyt,1,55.65723,4,true,142260,2,4,440,false
142260,7DdcxB6H9E,1,32.28564,3,true,142260,2,4,440,false
142260,8OUYVtkbpB,1,41.67865,3,true,142260,2,4,440,false
142260,AfrjWapHEG,1,45.21667,2,true,142260,2,4,440,true
142260,BCRxVKUeup,2,92.29517,9,true,142260,2,4,440,false
142260,BDu7R1r8kl,1,20.69373,2,true,142260,2,4,440,true
142260,Dt3Eg9I18t,1,44.86084,6,true,142260,2,4,440,false
142260,EK5tuPRbrs,1,24.547,5,true,142260,2,4,440,false
142260,EmyMDz1UCK,1,38.65381,2,true,142260,2,4,440,true
142260,FK50mKExU0,1,26.7179,3,true,142260,2,4,440,false
142260,FRdoQ5ndRp,1,39.06433,2,true,142260,2,4,440,true
142260,GyHK5eVubE,1,32.76733,2,true,142260,2,4,440,true
142260,H5sA57EnOq,1,14.96338,2,true,142260,2,4,440,true
142260,Hkkh1FLGMF,1,34.65979,3,true,142260,2,4,440,false
142260,MOBiIuj4HJ,1,28.02203,2,true,142260,2,4,440,true
142260,N5H1upTQAc,1,28.70032,3,true,142260,2,4,440,false
142260,OG4x7oVhdi,1,23.82959,3,true,142260,2,4,440,false
142260,SbdjrYVUry,3,164.727698,8,true,142260,2,4,440,false
142260,SgCcwkAxGQ,1,26.32971,2,true,142260,2,4,440,true
142260,TZ9Rfod7wQ,1,26.66571,3,true,142260,2,4,440,false
142260,Tp88NEDytf,1,37.10083,2,true,142260,2,4,440,true
142260,URxOKI9O7N,1,33.37317,2,true,142260,2,4,440,true
142260,WZfcTtiqsK,1,51.63281,2,true,142260,2,4,440,true
142260,YeUV9hapaA,1,57.50989,2,true,142260,2,4,440,true
142260,ZANAC6l7XM,1,51.38403,2,true,142260,2,4,440,true
142260,aJDGP7LS3I,1,51.29395,2,true,142260,2,4,440,true
142260,amUAet0x6T,1,16.11938,2,true,142260,2,4,440,true
142260,bAmPHFenyb,1,56.66479,2,true,142260,2,4,440,true
142260,d57PCNSbzH,1,34.34265,4,true,142260,2,4,440,false
142260,ddIGeYy1Ae,1,58.02905,8,true,142260,2,4,440,false
142260,eu8GqGa4Ep,1,10.97217,21,true,142260,2,4,440,false
142260,fReD6YQTSW,1,43.71606,3,true,142260,2,4,440,false
142260,ihezj9FJFR,1,65.50293,4,true,142260,2,4,440,false
142260,nD3LO7FQgE,1,28.57593,2,true,142260,2,4,440,true
142260,oGzpAvCzGu,1,80.82739,2,true,142260,2,4,440,true
142260,oezVZvTzNs,1,66.72632,3,true,142260,2,4,440,false
142260,tgfPpHX5nK,1,23.49927,2,true,142260,2,4,440,true
142260,zBl0qis9vZ,1,39.92114,2,true,142260,2,4,440,true
142260,zcvB59Bh1f,1,27.8335,2,true,142260,2,4,440,true
142260,zgKnayJCLp,1,44.42566,2,true,142260,2,4,440,true
130490,2y33FXDKgy,1,22.91504,2,true,130490,2,6,403,true
130490,5XMthsaPx3,1,33.15527,2,true,130490,2,6,403,true
130490,7AoPr2bnyt,1,13.86719,2,true,130490,2,6,403,true
130490,7DdcxB6H9E,3,208.75929,21,true,130490,2,6,403,false
130490,8OUYVtkbpB,1,118.8787,4,true,130490,2,6,403,false
130490,AfrjWapHEG,1,45.43933,2,true,130490,2,6,403,true
130490,BCRxVKUeup,1,35.97192,2,true,130490,2,6,403,true
130490,BDu7R1r8kl,1,24.35925,2,true,130490,2,6,403,true
130490,Dt3Eg9I18t,1,60.41919,4,true,130490,2,6,403,false
130490,EK5tuPRbrs,1,21.20618,3,true,130490,2,6,403,false
130490,EmyMDz1UCK,1,57.60034,2,true,130490,2,6,403,true
130490,FK50mKExU0,1,38.70959,5,true,130490,2,6,403,false
130490,FRdoQ5ndRp,1,44.51355,2,true,130490,2,6,403,true
130490,GyHK5eVubE,1,74.69629,2,true,130490,2,6,403,true
130490,H5sA57EnOq,2,144.09705,21,true,130490,2,6,403,false
130490,Hkkh1FLGMF,1,25.64624,2,true,130490,2,6,403,true
130490,MOBiIuj4HJ,1,18.16394,2,true,130490,2,6,403,true
130490,N5H1upTQAc,1,38.76575,3,true,130490,2,6,403,false
130490,OG4x7oVhdi,1,53.6792,5,true,130490,2,6,403,false
130490,SbdjrYVUry,3,289.42237,23,true,130490,2,6,403,false
130490,SgCcwkAxGQ,1,22.09668,2,true,130490,2,6,403,true
130490,TZ9Rfod7wQ,1,23.41406,3,true,130490,2,6,403,false
130490,Tp88NEDytf,1,62.83374,2,true,130490,2,6,403,true
130490,URxOKI9O7N,12,171.80151559000007,25,true,130490,2,6,403,false
130490,WZfcTtiqsK,1,22.92871,2,true,130490,2,6,403,true
130490,YeUV9hapaA,1,38.90045,2,true,130490,2,6,403,true
130490,ZANAC6l7XM,1,40.28589,2,true,130490,2,6,403,true
130490,aJDGP7LS3I,2,55.762209999999996,4,true,130490,2,6,403,false
130490,aOlPk2sYzY,5,67.81103999999999,13,true,130490,2,6,403,false
130490,amUAet0x6T,1,16.58624,2,true,130490,2,6,403,true
130490,bAmPHFenyb,1,66.02612,2,true,130490,2,6,403,true
130490,d57PCNSbzH,1,19.91821,2,true,130490,2,6,403,true
130490,ddIGeYy1Ae,2,536.45259,21,true,130490,2,6,403,false
130490,eu8GqGa4Ep,6,313.0140523,21,true,130490,2,6,403,false
130490,fReD6YQTSW,3,274.02707,22,true,130490,2,6,403,false
130490,ihezj9FJFR,1,23.80273,2,true,130490,2,6,403,true
130490,nD3LO7FQgE,1,45.6748,2,true,130490,2,6,403,true
130490,oGzpAvCzGu,1,63.27673,3,true,130490,2,6,403,false
130490,oezVZvTzNs,2,384.1015,22,true,130490,2,6,403,false
130490,tgfPpHX5nK,1,43.54321,3,true,130490,2,6,403,false
130490,zBl0qis9vZ,2,285.58811000000003,10,true,130490,2,6,403,false
130490,zcvB59Bh1f,5,383.6187,23,true,130490,2,6,403,false
130490,zgKnayJCLp,1,34.28833,2,true,130490,2,6,403,true
137361,2y33FXDKgy,7,159.87328300000001,19,true,137361,2,6,923,false
137361,7AoPr2bnyt,1,26.56738,2,true,137361,2,6,923,true
137361,7DdcxB6H9E,3,168.03125,15,true,137361,2,6,923,false
137361,8OUYVtkbpB,1,106.4369,4,true,137361,2,6,923,false
137361,AfrjWapHEG,1,119.6981,3,true,137361,2,6,923,false
137361,BCRxVKUeup,1,42.65991,2,true,137361,2,6,923,true
137361,BDu7R1r8kl,1,51.92334,1,true,137361,2,6,923,false
137361,Dt3Eg9I18t,1,217.6826,13,true,137361,2,6,923,false
137361,EK5tuPRbrs,9,118.31201639999999,23,true,137361,2,6,923,false
137361,EmyMDz1UCK,1,65.66211,2,true,137361,2,6,923,true
137361,FK50mKExU0,1,76.05005,7,true,137361,2,6,923,false
137361,FRdoQ5ndRp,2,158.00549,15,true,137361,2,6,923,false
137361,GyHK5eVubE,1,72.05872,1,true,137361,2,6,923,false
137361,H5sA57EnOq,1,45.0918,6,true,137361,2,6,923,false
137361,Hkkh1FLGMF,2,88.30102,5,true,137361,2,6,923,false
137361,MOBiIuj4HJ,1,40.91022,1,true,137361,2,6,923,false
137361,N5H1upTQAc,1,68.36658,3,true,137361,2,6,923,false
137361,OG4x7oVhdi,1,54.86255,3,true,137361,2,6,923,false
137361,SbdjrYVUry,6,645.274779,5,true,137361,2,6,923,false
137361,SgCcwkAxGQ,1,61.35266,3,true,137361,2,6,923,false
137361,TZ9Rfod7wQ,1,38.37817,1,true,137361,2,6,923,false
137361,Tp88NEDytf,1,121.6846,1,true,137361,2,6,923,false
137361,URxOKI9O7N,1,50.71094,2,true,137361,2,6,923,true
137361,YeUV9hapaA,1,123.7343,4,true,137361,2,6,923,false
137361,ZANAC6l7XM,2,152.19141000000002,9,true,137361,2,6,923,false
137361,aJDGP7LS3I,2,108.80616,5,true,137361,2,6,923,false
137361,aOlPk2sYzY,22,98.01618590000002,30,true,137361,2,6,923,false
137361,amUAet0x6T,1,56.66107,4,true,137361,2,6,923,false
137361,bAmPHFenyb,3,150.33544999999998,6,true,137361,2,6,923,false
137361,d57PCNSbzH,4,162.9204143,21,true,137361,2,6,923,false
137361,ddIGeYy1Ae,1,65.05859,2,true,137361,2,6,923,true
137361,eu8GqGa4Ep,1,39.4646,21,true,137361,2,6,923,false
137361,fReD6YQTSW,2,100.64258000000001,4,true,137361,2,6,923,false
137361,ihezj9FJFR,1,55.93555,2,true,137361,2,6,923,true
137361,nD3LO7FQgE,2,251.45284,14,true,137361,2,6,923,false
137361,oezVZvTzNs,1,107.5984,4,true,137361,2,6,923,false
137361,tgfPpHX5nK,1,46.77344,2,true,137361,2,6,923,true
137361,zBl0qis9vZ,2,107.39209,6,true,137361,2,6,923,false
137361,zcvB59Bh1f,2,100.86719,9,true,137361,2,6,923,false
137361,zgKnayJCLp,1,47.0564,1,true,137361,2,6,923,false
108083,2y33FXDKgy,1,71.31042,7,true,108083,2,6,89,false
108083,5XMthsaPx3,1,34.65894,2,true,108083,2,6,89,true
108083,7AoPr2bnyt,1,17.14819,2,true,108083,2,6,89,true
108083,7DdcxB6H9E,1,38.08057,2,true,108083,2,6,89,true
108083,8OUYVtkbpB,1,105.9578,7,true,108083,2,6,89,false
108083,AfrjWapHEG,1,59.604,3,true,108083,2,6,89,false
108083,BCRxVKUeup,1,47.55408,3,true,108083,2,6,89,false
108083,BDu7R1r8kl,1,65.36475,2,true,108083,2,6,89,true
108083,Dt3Eg9I18t,2,101.75,7,true,108083,2,6,89,false
108083,EK5tuPRbrs,1,34.99561,5,true,108083,2,6,89,false
108083,EmyMDz1UCK,1,63.3866,3,true,108083,2,6,89,false
108083,FK50mKExU0,1,28.51929,3,true,108083,2,6,89,false
108083,FRdoQ5ndRp,2,64.63367,7,true,108083,2,6,89,false
108083,GyHK5eVubE,1,148.7485,2,true,108083,2,6,89,true
108083,H5sA57EnOq,2,31.32623,5,true,108083,2,6,89,false
108083,Hkkh1FLGMF,1,81.03113,2,true,108083,2,6,89,true
108083,Kq13Iy4hOb,1,37.53711,3,true,108083,2,6,89,false
108083,MOBiIuj4HJ,1,24.83112,2,true,108083,2,6,89,true
108083,N5H1upTQAc,1,42.6178,2,true,108083,2,6,89,true
108083,OG4x7oVhdi,1,33.23389,2,true,108083,2,6,89,true
108083,SbdjrYVUry,1,166.7869,15,true,108083,2,6,89,false
108083,SgCcwkAxGQ,1,63.57001,2,true,108083,2,6,89,true
108083,TZ9Rfod7wQ,1,29.07318,3,true,108083,2,6,89,false
108083,Tp88NEDytf,1,165.3857,2,true,108083,2,6,89,true
108083,URxOKI9O7N,1,29.02551,2,true,108083,2,6,89,true
108083,WZfcTtiqsK,1,33.00793,2,true,108083,2,6,89,true
108083,YeUV9hapaA,2,56.161680000000004,7,true,108083,2,6,89,false
108083,ZANAC6l7XM,1,51.19983,3,true,108083,2,6,89,false
108083,aJDGP7LS3I,1,51.78699,2,true,108083,2,6,89,true
108083,aOlPk2sYzY,3,116.65038,22,true,108083,2,6,89,false
108083,amUAet0x6T,1,32.07758,2,true,108083,2,6,89,true
108083,bAmPHFenyb,1,223.7002,3,true,108083,2,6,89,false
108083,d57PCNSbzH,2,109.41431,13,true,108083,2,6,89,false
108083,ddIGeYy1Ae,2,191.65035,10,true,108083,2,6,89,false
108083,eu8GqGa4Ep,22,63.37035439999999,24,true,108083,2,6,89,false
108083,fReD6YQTSW,1,81.50427,3,true,108083,2,6,89,false
108083,ihezj9FJFR,1,24.75244,3,true,108083,2,6,89,false
108083,kMSgBTSSRm,3,189.06409000000002,21,true,108083,2,6,89,false
108083,nD3LO7FQgE,2,95.85425000000001,7,true,108083,2,6,89,false
108083,oGzpAvCzGu,1,69.87158,2,true,108083,2,6,89,true
108083,oezVZvTzNs,2,74.70434,6,true,108083,2,6,89,false
108083,tgfPpHX5nK,1,36.72119,2,true,108083,2,6,89,true
108083,zBl0qis9vZ,1,41.72864,2,true,108083,2,6,89,true
108083,zcvB59Bh1f,2,80.91699,9,true,108083,2,6,89,false
108083,zgKnayJCLp,1,44.03271,2,true,108083,2,6,89,true
129243,2y33FXDKgy,5,159.19873,16,true,129243,2,6,242,false
129243,5XMthsaPx3,1,62.18262,2,true,129243,2,6,242,true
129243,7AoPr2bnyt,1,59.52295,5,true,129243,2,6,242,false
129243,7DdcxB6H9E,1,346.2495,21,true,129243,2,6,242,false
129243,8OUYVtkbpB,1,122.2241,4,true,129243,2,6,242,false
129243,AfrjWapHEG,1,74.74304,2,true,129243,2,6,242,true
129243,BCRxVKUeup,1,35.41382,2,true,129243,2,6,242,true
129243,BDu7R1r8kl,1,40.0155,2,true,129243,2,6,242,true
129243,Dt3Eg9I18t,2,95.52441999999999,5,true,129243,2,6,242,false
129243,EK5tuPRbrs,3,130.201047,23,true,129243,2,6,242,false
129243,EmyMDz1UCK,2,126.54334,6,true,129243,2,6,242,false
129243,FK50mKExU0,4,176.9287,21,true,129243,2,6,242,false
129243,FRdoQ5ndRp,2,206.98484,5,true,129243,2,6,242,false
129243,GyHK5eVubE,3,98.29297,6,true,129243,2,6,242,false
129243,H5sA57EnOq,3,129.139378,21,true,129243,2,6,242,false
129243,Hkkh1FLGMF,5,199.932745,21,true,129243,2,6,242,false
129243,MOBiIuj4HJ,1,26.15338,2,true,129243,2,6,242,true
129243,N5H1upTQAc,3,134.78015,11,true,129243,2,6,242,false
129243,OG4x7oVhdi,2,153.64929,7,true,129243,2,6,242,false
129243,SbdjrYVUry,4,346.5737,21,true,129243,2,6,242,false
129243,SgCcwkAxGQ,1,54.82629,2,true,129243,2,6,242,true
129243,TZ9Rfod7wQ,1,35.80927,5,true,129243,2,6,242,false
129243,Tp88NEDytf,1,88.66748,2,true,129243,2,6,242,true
129243,URxOKI9O7N,4,244.83203,21,true,129243,2,6,242,false
129243,WZfcTtiqsK,2,253.77664,13,true,129243,2,6,242,false
129243,YeUV9hapaA,3,50.23321,10,true,129243,2,6,242,false
129243,ZANAC6l7XM,3,226.26537000000002,12,true,129243,2,6,242,false
129243,aJDGP7LS3I,1,48.39783,2,true,129243,2,6,242,true
129243,aOlPk2sYzY,8,112.02344199999999,23,true,129243,2,6,242,false
129243,amUAet0x6T,1,42.74121,2,true,129243,2,6,242,true
129243,bAmPHFenyb,1,130.6216,2,true,129243,2,6,242,true
129243,d57PCNSbzH,4,144.621829,21,true,129243,2,6,242,false
129243,ddIGeYy1Ae,4,727.91989,21,true,129243,2,6,242,false
129243,eu8GqGa4Ep,2,167.93006,10,true,129243,2,6,242,false
129243,fReD6YQTSW,1,99.16431,2,true,129243,2,6,242,true
129243,ihezj9FJFR,2,162.9453,11,true,129243,2,6,242,false
129243,nD3LO7FQgE,1,43.45117,2,true,129243,2,6,242,true
129243,oGzpAvCzGu,1,100.0522,2,true,129243,2,6,242,true
129243,oezVZvTzNs,1,91.74683,2,true,129243,2,6,242,true
129243,tgfPpHX5nK,1,34.56958,3,true,129243,2,6,242,false
129243,zBl0qis9vZ,5,364.38705,17,true,129243,2,6,242,false
129243,zcvB59Bh1f,2,281.55107,21,true,129243,2,6,242,false
129243,zgKnayJCLp,1,44.30664,2,true,129243,2,6,242,true
118156,2y33FXDKgy,1,27.79187,2,true,118156,2,8,78,true
118156,5XMthsaPx3,1,33.78882,2,true,118156,2,8,78,true
118156,7AoPr2bnyt,1,41.01782,2,true,118156,2,8,78,true
118156,7DdcxB6H9E,4,139.78564,21,true,118156,2,8,78,false
118156,8OUYVtkbpB,1,90.42975,7,true,118156,2,8,78,false
118156,AfrjWapHEG,1,57.69641,3,true,118156,2,8,78,false
118156,BCRxVKUeup,3,59.10694,11,true,118156,2,8,78,false
118156,BDu7R1r8kl,1,38.8136,2,true,118156,2,8,78,true
118156,Dt3Eg9I18t,2,115.64232999999999,10,true,118156,2,8,78,false
118156,EK5tuPRbrs,1,88.83319,9,true,118156,2,8,78,false
118156,EmyMDz1UCK,1,83.65088,2,true,118156,2,8,78,true
118156,FK50mKExU0,1,27.63452,5,true,118156,2,8,78,false
118156,FRdoQ5ndRp,1,35.9126,3,true,118156,2,8,78,false
118156,GyHK5eVubE,1,86.51025,2,true,118156,2,8,78,true
118156,H5sA57EnOq,1,48.22894,2,true,118156,2,8,78,true
118156,Hkkh1FLGMF,2,190.83858,5,true,118156,2,8,78,false
118156,MOBiIuj4HJ,1,23.81567,2,true,118156,2,8,78,true
118156,N5H1upTQAc,1,35.37219,2,true,118156,2,8,78,true
118156,OG4x7oVhdi,2,152.94946,17,true,118156,2,8,78,false
118156,SbdjrYVUry,1,96.23511,4,true,118156,2,8,78,false
118156,SgCcwkAxGQ,1,48.80151,2,true,118156,2,8,78,true
118156,TZ9Rfod7wQ,1,26.27881,6,true,118156,2,8,78,false
118156,Tp88NEDytf,1,55.40332,2,true,118156,2,8,78,true
118156,URxOKI9O7N,1,22.91248,2,true,118156,2,8,78,true
118156,WZfcTtiqsK,1,36.4967,2,true,118156,2,8,78,true
118156,YeUV9hapaA,1,28.48352,2,true,118156,2,8,78,true
118156,ZANAC6l7XM,1,51.53333,2,true,118156,2,8,78,true
118156,aJDGP7LS3I,1,93.87512,2,true,118156,2,8,78,true
118156,aOlPk2sYzY,5,91.01793599999999,21,true,118156,2,8,78,false
118156,amUAet0x6T,3,71.1474,6,true,118156,2,8,78,false
118156,bAmPHFenyb,1,81.96973,2,true,118156,2,8,78,true
118156,d57PCNSbzH,1,81.87891,2,true,118156,2,8,78,true
118156,ddIGeYy1Ae,1,146.3569,3,true,118156,2,8,78,false
118156,eu8GqGa4Ep,5,97.023927,14,true,118156,2,8,78,false
118156,fReD6YQTSW,1,238.0566,2,true,118156,2,8,78,true
118156,ihezj9FJFR,2,94.87353,7,true,118156,2,8,78,false
118156,nD3LO7FQgE,2,106.24121,6,true,118156,2,8,78,false
118156,oGzpAvCzGu,1,41.25037,2,true,118156,2,8,78,true
118156,oezVZvTzNs,2,93.55663999999999,7,true,118156,2,8,78,false
118156,tgfPpHX5nK,4,163.40503,21,true,118156,2,8,78,false
118156,zBl0qis9vZ,1,111.8075,4,true,118156,2,8,78,false
118156,zcvB59Bh1f,2,86.50061,8,true,118156,2,8,78,false
118156,zgKnayJCLp,1,48.37012,2,true,118156,2,8,78,true
103026,2y33FXDKgy,1,23.77625,3,true,103026,3,1,0,true
103026,5XMthsaPx3,1,36.5083,3,true,103026,3,1,0,true
103026,7AoPr2bnyt,1,20.3584,4,true,103026,3,1,0,false
103026,7DdcxB6H9E,1,53.40747,3,true,103026,3,1,0,true
103026,8OUYVtkbpB,1,46.25439,3,true,103026,3,1,0,true
103026,AfrjWapHEG,1,53.18225,3,true,103026,3,1,0,true
103026,BCRxVKUeup,1,27.78674,3,true,103026,3,1,0,true
103026,BDu7R1r8kl,1,33.4455,3,true,103026,3,1,0,true
103026,Dt3Eg9I18t,1,46.43591,3,true,103026,3,1,0,true
103026,EK5tuPRbrs,1,25.9679,3,true,103026,3,1,0,true
103026,EmyMDz1UCK,1,57.15759,3,true,103026,3,1,0,true
103026,FRdoQ5ndRp,2,46.17591,4,true,103026,3,1,0,false
103026,GyHK5eVubE,1,37.94958,3,true,103026,3,1,0,true
103026,H5sA57EnOq,1,26.69336,3,true,103026,3,1,0,true
103026,Hkkh1FLGMF,1,31.37439,3,true,103026,3,1,0,true
103026,Kq13Iy4hOb,1,50.74805,3,true,103026,3,1,0,true
103026,MOBiIuj4HJ,1,21.52997,3,true,103026,3,1,0,true
103026,N5H1upTQAc,1,42.65234,4,true,103026,3,1,0,false
103026,OG4x7oVhdi,2,44.36853,7,true,103026,3,1,0,false
103026,SbdjrYVUry,1,72.79028,5,true,103026,3,1,0,false
103026,SgCcwkAxGQ,1,41.82568,3,true,103026,3,1,0,true
103026,TZ9Rfod7wQ,1,22.44244,3,true,103026,3,1,0,true
103026,Tp88NEDytf,1,55.88501,3,true,103026,3,1,0,true
103026,URxOKI9O7N,2,33.521361,4,true,103026,3,1,0,false
103026,WZfcTtiqsK,1,39.27197,3,true,103026,3,1,0,true
103026,YeUV9hapaA,1,20.67181,3,true,103026,3,1,0,true
103026,ZANAC6l7XM,1,29.41199,3,true,103026,3,1,0,true
103026,aJDGP7LS3I,1,39.72144,3,true,103026,3,1,0,true
103026,aOlPk2sYzY,1,35.68359,6,true,103026,3,1,0,false
103026,amUAet0x6T,1,17.15906,3,true,103026,3,1,0,true
103026,bAmPHFenyb,1,85.88599,3,true,103026,3,1,0,true
103026,d57PCNSbzH,1,33.46277,4,true,103026,3,1,0,false
103026,ddIGeYy1Ae,1,56.03137,3,true,103026,3,1,0,true
103026,eu8GqGa4Ep,1,38.53979,3,true,103026,3,1,0,true
103026,fReD6YQTSW,1,55.02478,3,true,103026,3,1,0,true
103026,ihezj9FJFR,1,25.78491,3,true,103026,3,1,0,true
103026,kMSgBTSSRm,1,43.18896,3,true,103026,3,1,0,true
103026,nD3LO7FQgE,1,51.92065,3,true,103026,3,1,0,true
103026,oGzpAvCzGu,1,62.17603,3,true,103026,3,1,0,true
103026,oezVZvTzNs,1,78.30493,3,true,103026,3,1,0,true
103026,tgfPpHX5nK,1,28.479,3,true,103026,3,1,0,true
103026,zBl0qis9vZ,1,78.17395,3,true,103026,3,1,0,true
103026,zcvB59Bh1f,1,34.83362,3,true,103026,3,1,0,true
103026,zgKnayJCLp,1,37.4491,3,true,103026,3,1,0,true
104014,2y33FXDKgy,1,58.27808,4,true,104014,3,4,8,false
104014,5XMthsaPx3,1,77.55811,3,true,104014,3,4,8,true
104014,7AoPr2bnyt,1,36.8623,4,true,104014,3,4,8,false
104014,7DdcxB6H9E,1,75.54346,5,true,104014,3,4,8,false
104014,AfrjWapHEG,1,141.6198,7,true,104014,3,4,8,false
104014,BCRxVKUeup,1,59.91406,7,true,104014,3,4,8,false
104014,BDu7R1r8kl,1,95.14343,3,true,104014,3,4,8,true
104014,Dt3Eg9I18t,1,110.8356,6,true,104014,3,4,8,false
104014,EK5tuPRbrs,1,38.32159,5,true,104014,3,4,8,false
104014,EmyMDz1UCK,1,88.32568,3,true,104014,3,4,8,true
104014,FK50mKExU0,1,48.87012,3,true,104014,3,4,8,true
104014,FRdoQ5ndRp,1,101.4121,5,true,104014,3,4,8,false
104014,GyHK5eVubE,3,87.99084500000001,7,true,104014,3,4,8,false
104014,H5sA57EnOq,1,76.50952,5,true,104014,3,4,8,false
104014,Hkkh1FLGMF,1,57.17957,5,true,104014,3,4,8,false
104014,Kq13Iy4hOb,1,71.43127,5,true,104014,3,4,8,false
104014,MOBiIuj4HJ,1,98.95294,6,true,104014,3,4,8,false
104014,N5H1upTQAc,2,94.61597,6,true,104014,3,4,8,false
104014,OG4x7oVhdi,1,60.64691,8,true,104014,3,4,8,false
104014,SbdjrYVUry,1,201.6206,10,true,104014,3,4,8,false
104014,SgCcwkAxGQ,1,68.86682,3,true,104014,3,4,8,true
104014,TZ9Rfod7wQ,1,48.33344,6,true,104014,3,4,8,false
104014,Tp88NEDytf,1,151.3849,3,true,104014,3,4,8,true
104014,URxOKI9O7N,1,87.5835,3,true,104014,3,4,8,true
104014,WZfcTtiqsK,1,72.7124,5,true,104014,3,4,8,false
104014,YeUV9hapaA,1,27.35724,3,true,104014,3,4,8,true
104014,ZANAC6l7XM,1,101.2386,5,true,104014,3,4,8,false
104014,aJDGP7LS3I,1,70.31409,5,true,104014,3,4,8,false
104014,aOlPk2sYzY,1,49.76978,5,true,104014,3,4,8,false
104014,amUAet0x6T,1,58.36249,7,true,104014,3,4,8,false
104014,bAmPHFenyb,1,170.7104,3,true,104014,3,4,8,true
104014,d57PCNSbzH,1,67.19971,6,true,104014,3,4,8,false
104014,ddIGeYy1Ae,1,103.5886,3,true,104014,3,4,8,true
104014,eu8GqGa4Ep,1,81.97815,4,true,104014,3,4,8,false
104014,fReD6YQTSW,1,173.9631,7,true,104014,3,4,8,false
104014,ihezj9FJFR,1,36.72021,3,true,104014,3,4,8,true
104014,kMSgBTSSRm,1,116.8068,9,true,104014,3,4,8,false
104014,nD3LO7FQgE,1,76.77368,3,true,104014,3,4,8,true
104014,oGzpAvCzGu,1,121.8992,3,true,104014,3,4,8,true
104014,oezVZvTzNs,2,171.13614,6,true,104014,3,4,8,false
104014,tgfPpHX5nK,2,65.93189,7,true,104014,3,4,8,false
104014,zBl0qis9vZ,1,77.10571,3,true,104014,3,4,8,true
104014,zcvB59Bh1f,2,124.88391999999999,14,true,104014,3,4,8,false
104014,zgKnayJCLp,1,58.87219,3,true,104014,3,4,8,true
115011,2y33FXDKgy,1,38.3927,3,true,115011,3,6,7,true
115011,5XMthsaPx3,1,58.32446,3,true,115011,3,6,7,true
115011,7AoPr2bnyt,1,26.30103,3,true,115011,3,6,7,true
115011,7DdcxB6H9E,1,68.41211,4,true,115011,3,6,7,false
115011,8OUYVtkbpB,1,56.8573,4,true,115011,3,6,7,false
115011,AfrjWapHEG,1,56.76282,3,true,115011,3,6,7,true
115011,BCRxVKUeup,1,80.9126,8,true,115011,3,6,7,false
115011,BDu7R1r8kl,1,58.20087,3,true,115011,3,6,7,true
115011,Dt3Eg9I18t,1,79.97021,5,true,115011,3,6,7,false
115011,EK5tuPRbrs,1,27.26855,6,true,115011,3,6,7,false
115011,EmyMDz1UCK,1,70.92517,3,true,115011,3,6,7,true
115011,FK50mKExU0,1,65.87158,8,true,115011,3,6,7,false
115011,FRdoQ5ndRp,1,37.5033,3,true,115011,3,6,7,true
115011,GyHK5eVubE,1,60.87939,4,true,115011,3,6,7,false
115011,H5sA57EnOq,1,27.8302,3,true,115011,3,6,7,true
115011,Hkkh1FLGMF,1,56.95758,6,true,115011,3,6,7,false
115011,Kq13Iy4hOb,1,82.59241,6,true,115011,3,6,7,false
115011,MOBiIuj4HJ,1,25.0816,3,true,115011,3,6,7,true
115011,N5H1upTQAc,1,55.12524,3,true,115011,3,6,7,true
115011,OG4x7oVhdi,1,30.46539,3,true,115011,3,6,7,true
115011,SbdjrYVUry,1,75.78491,4,true,115011,3,6,7,false
115011,SgCcwkAxGQ,1,53.0083,3,true,115011,3,6,7,true
115011,TZ9Rfod7wQ,1,39.22778,9,true,115011,3,6,7,false
115011,Tp88NEDytf,1,92.91882,3,true,115011,3,6,7,true
115011,URxOKI9O7N,1,34.63464,3,true,115011,3,6,7,true
115011,WZfcTtiqsK,1,58.4823,3,true,115011,3,6,7,true
115011,YeUV9hapaA,1,93.68329,3,true,115011,3,6,7,true
115011,ZANAC6l7XM,1,55.26611,3,true,115011,3,6,7,true
115011,aJDGP7LS3I,1,53.30591,3,true,115011,3,6,7,true
115011,aOlPk2sYzY,1,38.53821,5,true,115011,3,6,7,false
115011,amUAet0x6T,1,22.32098,3,true,115011,3,6,7,true
115011,bAmPHFenyb,1,88.12573,3,true,115011,3,6,7,true
115011,d57PCNSbzH,1,22.53833,6,true,115011,3,6,7,false
115011,ddIGeYy1Ae,1,65.77698,5,true,115011,3,6,7,false
115011,eu8GqGa4Ep,1,76.52966,5,true,115011,3,6,7,false
115011,fReD6YQTSW,1,75.6394,5,true,115011,3,6,7,false
115011,ihezj9FJFR,1,38.86914,3,true,115011,3,6,7,true
115011,kMSgBTSSRm,1,66.65771,6,true,115011,3,6,7,false
115011,nD3LO7FQgE,1,61.61426,3,true,115011,3,6,7,true
115011,oGzpAvCzGu,1,70.69055,3,true,115011,3,6,7,true
115011,oezVZvTzNs,1,111.9523,5,true,115011,3,6,7,false
115011,tgfPpHX5nK,1,37.39673,3,true,115011,3,6,7,true
115011,zBl0qis9vZ,1,54.58044,3,true,115011,3,6,7,true
115011,zcvB59Bh1f,1,53.6001,5,true,115011,3,6,7,false
115011,zgKnayJCLp,1,45.48926,3,true,115011,3,6,7,true
112124,2y33FXDKgy,2,65.10303,5,true,112124,3,7,19,false
112124,5XMthsaPx3,1,53.18262,3,true,112124,3,7,19,true
112124,7AoPr2bnyt,2,102.63721000000001,9,true,112124,3,7,19,false
112124,7DdcxB6H9E,1,135.9214,9,true,112124,3,7,19,false
112124,8OUYVtkbpB,2,84.93675999999999,3,true,112124,3,7,19,true
112124,AfrjWapHEG,1,180.106,4,true,112124,3,7,19,false
112124,BCRxVKUeup,9,284.973119,31,true,112124,3,7,19,false
112124,BDu7R1r8kl,1,158.9182,3,true,112124,3,7,19,true
112124,Dt3Eg9I18t,2,260.94313999999997,19,true,112124,3,7,19,false
112124,EK5tuPRbrs,1,71.04712,9,true,112124,3,7,19,false
112124,EmyMDz1UCK,4,531.06422,22,true,112124,3,7,19,false
112124,FK50mKExU0,2,137.3429,15,false,112124,3,7,19,false
112124,FRdoQ5ndRp,1,150.014,4,true,112124,3,7,19,false
112124,GyHK5eVubE,3,264.376603,13,true,112124,3,7,19,false
112124,H5sA57EnOq,6,175.75845239999998,32,true,112124,3,7,19,false
112124,Hkkh1FLGMF,6,242.935604,31,true,112124,3,7,19,false
112124,MOBiIuj4HJ,2,204.2653,15,true,112124,3,7,19,false
112124,N5H1upTQAc,2,178.12687,10,true,112124,3,7,19,false
112124,OG4x7oVhdi,1,72.41626,5,true,112124,3,7,19,false
112124,SbdjrYVUry,3,253.90755000000001,8,true,112124,3,7,19,false
112124,SgCcwkAxGQ,1,68.95789,3,true,112124,3,7,19,true
112124,TZ9Rfod7wQ,2,110.21918,12,true,112124,3,7,19,false
112124,Tp88NEDytf,1,103.8511,3,true,112124,3,7,19,true
112124,URxOKI9O7N,7,180.77516,31,true,112124,3,7,19,false
112124,WZfcTtiqsK,2,91.73352,6,true,112124,3,7,19,false
112124,YeUV9hapaA,5,284.75012,31,true,112124,3,7,19,false
112124,ZANAC6l7XM,1,106.9316,5,true,112124,3,7,19,false
112124,aJDGP7LS3I,2,191.79748,31,true,112124,3,7,19,false
112124,amUAet0x6T,1,96.88574,5,true,112124,3,7,19,false
112124,bAmPHFenyb,5,529.0650224999999,31,true,112124,3,7,19,false
112124,d57PCNSbzH,5,330.307419,31,true,112124,3,7,19,false
112124,ddIGeYy1Ae,4,246.21264000000002,10,true,112124,3,7,19,false
112124,eu8GqGa4Ep,2,17.770016000000002,31,true,112124,3,7,19,false
112124,fReD6YQTSW,1,91.22632,5,true,112124,3,7,19,false
112124,ihezj9FJFR,3,138.159661,14,true,112124,3,7,19,false
112124,nD3LO7FQgE,1,286.5547,15,true,112124,3,7,19,false
112124,oGzpAvCzGu,1,95.41406,3,true,112124,3,7,19,true
112124,oezVZvTzNs,15,540.5369345999999,34,true,112124,3,7,19,false
112124,tgfPpHX5nK,3,245.74785,11,true,112124,3,7,19,false
112124,zBl0qis9vZ,3,369.0615,19,true,112124,3,7,19,false
112124,zcvB59Bh1f,8,379.98585,29,true,112124,3,7,19,false
112124,zgKnayJCLp,1,141.4078,3,true,112124,3,7,19,true
140043,2y33FXDKgy,3,60.567626000000004,8,true,140043,3,11,430,false
140043,5XMthsaPx3,1,72.72949,3,true,140043,3,11,430,true
140043,7AoPr2bnyt,1,39.23047,3,true,140043,3,11,430,true
140043,7DdcxB6H9E,10,263.2197678,30,true,140043,3,11,430,false
140043,8OUYVtkbpB,1,179.4121,7,true,140043,3,11,430,false
140043,AfrjWapHEG,3,124.33667,7,true,140043,3,11,430,false
140043,BCRxVKUeup,5,222.31908999999996,31,true,140043,3,11,430,false
140043,BDu7R1r8kl,2,154.44335999999998,7,true,140043,3,11,430,false
140043,Dt3Eg9I18t,1,124.78,3,true,140043,3,11,430,true
140043,EK5tuPRbrs,18,26283.337233899998,32,true,140043,3,11,430,false
140043,EmyMDz1UCK,1,94.29272,3,true,140043,3,11,430,true
140043,FRdoQ5ndRp,1,124.356,3,true,140043,3,11,430,true
140043,GyHK5eVubE,1,91.31348,3,true,140043,3,11,430,true
140043,H5sA57EnOq,3,110.86084,21,true,140043,3,11,430,false
140043,Hkkh1FLGMF,1,52.39233,5,true,140043,3,11,430,false
140043,MOBiIuj4HJ,1,62.66113,3,true,140043,3,11,430,true
140043,N5H1upTQAc,1,90.82813,3,true,140043,3,11,430,true
140043,OG4x7oVhdi,1,64.06018,6,true,140043,3,11,430,false
140043,SbdjrYVUry,2,348.1603,12,true,140043,3,11,430,false
140043,SgCcwkAxGQ,1,46.88293,3,true,140043,3,11,430,true
140043,TZ9Rfod7wQ,1,54.10205,8,true,140043,3,11,430,false
140043,Tp88NEDytf,1,249.5366,6,true,140043,3,11,430,false
140043,URxOKI9O7N,1,84.58081,11,true,140043,3,11,430,false
140043,WZfcTtiqsK,2,132.14429,10,true,140043,3,11,430,false
140043,YeUV9hapaA,1,107.4963,11,true,140043,3,11,430,false
140043,ZANAC6l7XM,1,72.88965,3,true,140043,3,11,430,true
140043,aJDGP7LS3I,1,42.79321,3,true,140043,3,11,430,true
140043,amUAet0x6T,1,67.93286,3,true,140043,3,11,430,true
140043,bAmPHFenyb,1,104.4614,3,true,140043,3,11,430,true
140043,d57PCNSbzH,6,3000.5794695000004,31,true,140043,3,11,430,false
140043,eu8GqGa4Ep,1,22.01904,31,true,140043,3,11,430,false
140043,fReD6YQTSW,1,160.5662,8,true,140043,3,11,430,false
140043,ihezj9FJFR,1,53.43652,3,true,140043,3,11,430,true
140043,nD3LO7FQgE,1,407.6367,31,true,140043,3,11,430,false
140043,oGzpAvCzGu,1,80.38403,3,true,140043,3,11,430,true
140043,oezVZvTzNs,1,146.4502,3,true,140043,3,11,430,true
140043,tgfPpHX5nK,2,96.02905000000001,8,true,140043,3,11,430,false
140043,zBl0qis9vZ,4,249.62281000000002,31,true,140043,3,11,430,false
140043,zcvB59Bh1f,3,175.23462,8,true,140043,3,11,430,false
140043,zgKnayJCLp,1,57.57788,3,true,140043,3,11,430,true
141650,2y33FXDKgy,1,36.18994,4,true,141650,3,11,697,false
141650,5XMthsaPx3,2,95.28028,9,true,141650,3,11,697,false
141650,7AoPr2bnyt,2,40.342281,10,true,141650,3,11,697,false
141650,7DdcxB6H9E,6,215.405303,25,false,141650,3,11,697,false
141650,AfrjWapHEG,2,167.85641999999999,7,true,141650,3,11,697,false
141650,BCRxVKUeup,4,139.31055,15,true,141650,3,11,697,false
141650,BDu7R1r8kl,1,68.51563,3,true,141650,3,11,697,true
141650,Dt3Eg9I18t,4,491.14176,28,true,141650,3,11,697,false
141650,EK5tuPRbrs,1,85.39636,17,true,141650,3,11,697,false
141650,FRdoQ5ndRp,1,137.6597,3,true,141650,3,11,697,true
141650,GyHK5eVubE,1,71.30127,4,true,141650,3,11,697,false
141650,H5sA57EnOq,4,92.068477,16,true,141650,3,11,697,false
141650,Hkkh1FLGMF,1,71.35645,3,true,141650,3,11,697,true
141650,MOBiIuj4HJ,1,85.42566,3,true,141650,3,11,697,true
141650,N5H1upTQAc,4,167.07348000000002,18,true,141650,3,11,697,false
141650,OG4x7oVhdi,3,117.25024199999999,6,true,141650,3,11,697,false
141650,SbdjrYVUry,2,318.19259999999997,13,true,141650,3,11,697,false
141650,SgCcwkAxGQ,1,131.1368,6,true,141650,3,11,697,false
141650,TZ9Rfod7wQ,5,175.498298,26,true,141650,3,11,697,false
141650,Tp88NEDytf,1,142.02,3,true,141650,3,11,697,true
141650,URxOKI9O7N,1,63.6001,3,true,141650,3,11,697,true
141650,WZfcTtiqsK,1,53.19873,3,true,141650,3,11,697,true
141650,YeUV9hapaA,1,54.3313,5,true,141650,3,11,697,false
141650,ZANAC6l7XM,2,352.19336000000004,7,true,141650,3,11,697,false
141650,amUAet0x6T,1,62.06311,4,true,141650,3,11,697,false
141650,bAmPHFenyb,1,142.3867,3,true,141650,3,11,697,true
141650,d57PCNSbzH,2,199.11405,31,true,141650,3,11,697,false
141650,ddIGeYy1Ae,2,233.35644000000002,15,true,141650,3,11,697,false
141650,eu8GqGa4Ep,1,14.771,31,true,141650,3,11,697,false
141650,ihezj9FJFR,4,118.59326000000001,16,true,141650,3,11,697,false
141650,nD3LO7FQgE,1,290.9692,6,true,141650,3,11,697,false
141650,oGzpAvCzGu,3,125.34252000000001,10,true,141650,3,11,697,false
141650,oezVZvTzNs,1,169.957,7,true,141650,3,11,697,false
141650,tgfPpHX5nK,2,50.11084,5,true,141650,3,11,697,false
141650,zBl0qis9vZ,1,100.9497,7,true,141650,3,11,697,false
141650,zcvB59Bh1f,6,312.8191127,23,true,141650,3,11,697,false
141650,zgKnayJCLp,6,272.6855089,7,true,141650,3,11,697,false
139504,2y33FXDKgy,5,118.72217599999999,26,true,139504,3,12,593,false
139504,5XMthsaPx3,1,96.14355,3,true,139504,3,12,593,true
139504,7AoPr2bnyt,1,34.34619,3,true,139504,3,12,593,true
139504,AfrjWapHEG,1,77.33228,4,true,139504,3,12,593,false
139504,BCRxVKUeup,6,199.99732000000003,32,true,139504,3,12,593,false
139504,BDu7R1r8kl,1,61.06445,3,true,139504,3,12,593,true
139504,Dt3Eg9I18t,4,204.22192,18,true,139504,3,12,593,false
139504,EK5tuPRbrs,6,150.372224,32,true,139504,3,12,593,false
139504,EmyMDz1UCK,1,353.1289,12,true,139504,3,12,593,false
139504,FRdoQ5ndRp,3,89.94336,12,true,139504,3,12,593,false
139504,GyHK5eVubE,1,54.22192,6,true,139504,3,12,593,false
139504,H5sA57EnOq,3,163.08958,32,true,139504,3,12,593,false
139504,MOBiIuj4HJ,1,64.09119,3,true,139504,3,12,593,true
139504,N5H1upTQAc,6,277.600103,25,true,139504,3,12,593,false
139504,OG4x7oVhdi,3,99.30152,11,true,139504,3,12,593,false
139504,SbdjrYVUry,3,475.59760000000006,18,true,139504,3,12,593,false
139504,SgCcwkAxGQ,1,52.41992,3,true,139504,3,12,593,true
139504,TZ9Rfod7wQ,1,94.75732,4,true,139504,3,12,593,false
139504,Tp88NEDytf,1,242.6523,3,true,139504,3,12,593,true
139504,URxOKI9O7N,3,93.81347699999999,31,true,139504,3,12,593,false
139504,WZfcTtiqsK,1,39.93774,3,true,139504,3,12,593,true
139504,YeUV9hapaA,1,133.0437,4,true,139504,3,12,593,false
139504,ZANAC6l7XM,2,101.08789,6,true,139504,3,12,593,false
139504,aJDGP7LS3I,2,154.35348000000002,8,true,139504,3,12,593,false
139504,amUAet0x6T,1,183.1674,9,true,139504,3,12,593,false
139504,bAmPHFenyb,2,295.93746,31,true,139504,3,12,593,false
139504,d57PCNSbzH,7,188.942884,31,true,139504,3,12,593,false
139504,ddIGeYy1Ae,1,293.9878,15,false,139504,3,12,593,false
139504,eu8GqGa4Ep,1,15.3208,31,true,139504,3,12,593,false
139504,ihezj9FJFR,3,57.951665,13,true,139504,3,12,593,false
139504,oGzpAvCzGu,1,89.09277,3,true,139504,3,12,593,true
139504,oezVZvTzNs,6,427.61378,31,true,139504,3,12,593,false
139504,tgfPpHX5nK,1,37.00073,3,true,139504,3,12,593,true
139504,zBl0qis9vZ,1,73.58838,4,true,139504,3,12,593,false
139504,zcvB59Bh1f,2,67.10058,8,true,139504,3,12,593,false
139504,zgKnayJCLp,1,39.44727,3,true,139504,3,12,593,true
130003,2y33FXDKgy,3,165.53516,19,true,130003,3,20,426,false
130003,5XMthsaPx3,1,193.5654,10,true,130003,3,20,426,false
130003,7AoPr2bnyt,2,28.08545,6,true,130003,3,20,426,false
130003,7DdcxB6H9E,7,216.93651900000003,33,false,130003,3,20,426,false
130003,8OUYVtkbpB,1,92.25983,4,true,130003,3,20,426,false
130003,AfrjWapHEG,2,342.9566,8,true,130003,3,20,426,false
130003,BCRxVKUeup,7,265.359647,32,true,130003,3,20,426,false
130003,BDu7R1r8kl,2,321.5016,11,true,130003,3,20,426,false
130003,Dt3Eg9I18t,2,178.09273,14,true,130003,3,20,426,false
130003,EK5tuPRbrs,6,129.485234,33,true,130003,3,20,426,false
130003,EmyMDz1UCK,1,358.2649,13,false,130003,3,20,426,false
130003,FRdoQ5ndRp,1,55.36206,3,true,130003,3,20,426,true
130003,GyHK5eVubE,3,562.36574,17,true,130003,3,20,426,false
130003,H5sA57EnOq,4,108.8984318,31,true,130003,3,20,426,false
130003,Hkkh1FLGMF,2,89.29320999999999,8,true,130003,3,20,426,false
130003,MOBiIuj4HJ,1,46.15112,3,true,130003,3,20,426,true
130003,N5H1upTQAc,2,136.60793999999999,14,true,130003,3,20,426,false
130003,OG4x7oVhdi,2,129.85706,14,true,130003,3,20,426,false
130003,SbdjrYVUry,1,180.0056,5,true,130003,3,20,426,false
130003,SgCcwkAxGQ,1,49.99268,4,true,130003,3,20,426,false
130003,TZ9Rfod7wQ,2,120.77246,11,true,130003,3,20,426,false
130003,Tp88NEDytf,2,171.20263999999997,7,true,130003,3,20,426,false
130003,URxOKI9O7N,2,89.00049,31,true,130003,3,20,426,false
130003,WZfcTtiqsK,2,151.80933,9,true,130003,3,20,426,false
130003,YeUV9hapaA,4,175.27501999999998,19,true,130003,3,20,426,false
130003,ZANAC6l7XM,3,159.82619,9,true,130003,3,20,426,false
130003,aJDGP7LS3I,3,71.19531,12,true,130003,3,20,426,false
130003,amUAet0x6T,2,208.74723,10,true,130003,3,20,426,false
130003,bAmPHFenyb,1,153.7979,31,true,130003,3,20,426,false
130003,d57PCNSbzH,7,2878.907602,31,true,130003,3,20,426,false
130003,ddIGeYy1Ae,2,349.77687,13,true,130003,3,20,426,false
130003,eu8GqGa4Ep,1,25.79321,31,true,130003,3,20,426,false
130003,fReD6YQTSW,2,102.09742,8,true,130003,3,20,426,false
130003,ihezj9FJFR,3,186.91113,21,true,130003,3,20,426,false
130003,nD3LO7FQgE,4,1055.394016,33,true,130003,3,20,426,false
130003,oGzpAvCzGu,1,233.4749,4,true,130003,3,20,426,false
130003,oezVZvTzNs,2,336.9568,26,true,130003,3,20,426,false
130003,tgfPpHX5nK,4,95.69825,11,true,130003,3,20,426,false
130003,zBl0qis9vZ,3,354.62694999999997,31,true,130003,3,20,426,false
130003,zcvB59Bh1f,2,149.51784999999998,12,true,130003,3,20,426,false
130003,zgKnayJCLp,1,99.72607,7,true,130003,3,20,426,false
118114,2y33FXDKgy,4,153.14539,15,true,118114,3,12,95,false
118114,7AoPr2bnyt,1,72.96777,3,true,118114,3,12,95,true
118114,8OUYVtkbpB,1,430.1286,18,true,118114,3,12,95,false
118114,AfrjWapHEG,1,130.2581,5,true,118114,3,12,95,false
118114,BCRxVKUeup,4,180.59826,19,true,118114,3,12,95,false
118114,BDu7R1r8kl,1,116.4005,3,true,118114,3,12,95,true
118114,Dt3Eg9I18t,2,288.09254,11,true,118114,3,12,95,false
118114,EK5tuPRbrs,14,150.3126253,37,true,118114,3,12,95,false
118114,EmyMDz1UCK,2,285.80400000000003,9,true,118114,3,12,95,false
118114,FRdoQ5ndRp,1,126.168,3,true,118114,3,12,95,true
118114,GyHK5eVubE,2,185.76274,7,true,118114,3,12,95,false
118114,H5sA57EnOq,5,162.02587699999998,31,true,118114,3,12,95,false
118114,Hkkh1FLGMF,8,257.267812,31,true,118114,3,12,95,false
118114,MOBiIuj4HJ,1,60.19519,4,true,118114,3,12,95,false
118114,N5H1upTQAc,1,228.9618,10,true,118114,3,12,95,false
118114,OG4x7oVhdi,2,123.60755,6,true,118114,3,12,95,false
118114,SbdjrYVUry,1,180.0057,6,true,118114,3,12,95,false
118114,SgCcwkAxGQ,1,68.79138,3,true,118114,3,12,95,true
118114,TZ9Rfod7wQ,2,53.364871,5,true,118114,3,12,95,false
118114,Tp88NEDytf,1,165.605,8,true,118114,3,12,95,false
118114,URxOKI9O7N,4,109.519161,31,true,118114,3,12,95,false
118114,WZfcTtiqsK,4,234.38113,14,true,118114,3,12,95,false
118114,YeUV9hapaA,13,275.62682699999993,33,true,118114,3,12,95,false
118114,ZANAC6l7XM,1,58.36646,18,true,118114,3,12,95,false
118114,aJDGP7LS3I,2,372.56010000000003,9,true,118114,3,12,95,false
118114,amUAet0x6T,1,70.41138,4,true,118114,3,12,95,false
118114,bAmPHFenyb,4,226.776604,31,true,118114,3,12,95,false
118114,d57PCNSbzH,5,293.403056,26,false,118114,3,12,95,false
118114,eu8GqGa4Ep,1,17.37036,31,true,118114,3,12,95,false
118114,fReD6YQTSW,2,281.1565,14,true,118114,3,12,95,false
118114,ihezj9FJFR,1,88.14063,4,true,118114,3,12,95,false
118114,nD3LO7FQgE,1,192.6252,5,true,118114,3,12,95,false
118114,oGzpAvCzGu,2,627.7817,7,true,118114,3,12,95,false
118114,oezVZvTzNs,1,291.1414,4,true,118114,3,12,95,false
118114,tgfPpHX5nK,1,55.32715,5,true,118114,3,12,95,false
118114,zBl0qis9vZ,4,478.24307999999996,23,true,118114,3,12,95,false
118114,zcvB59Bh1f,1,190.3518,11,true,118114,3,12,95,false
118114,zgKnayJCLp,5,355.34857999999997,5,true,118114,3,12,95,false
107045,2y33FXDKgy,6,54.0417444,13,true,107045,4,7,19,false
107045,5XMthsaPx3,1,109.687,4,true,107045,4,7,19,true
107045,7AoPr2bnyt,1,51.22363,4,true,107045,4,7,19,true
107045,AfrjWapHEG,2,131.95828,8,true,107045,4,7,19,false
107045,BCRxVKUeup,6,197.8117656,28,true,107045,4,7,19,false
107045,BDu7R1r8kl,1,105.0457,4,true,107045,4,7,19,true
107045,Dt3Eg9I18t,1,150.3423,11,true,107045,4,7,19,false
107045,EK5tuPRbrs,1,53.22754,9,true,107045,4,7,19,false
107045,EmyMDz1UCK,1,116.6797,5,true,107045,4,7,19,false
107045,FRdoQ5ndRp,1,95.15283,5,true,107045,4,7,19,false
107045,GyHK5eVubE,1,155.5181,7,true,107045,4,7,19,false
107045,H5sA57EnOq,1,44.0918,8,true,107045,4,7,19,false
107045,MOBiIuj4HJ,1,75.72522,5,true,107045,4,7,19,false
107045,N5H1upTQAc,1,120.7327,7,true,107045,4,7,19,false
107045,OG4x7oVhdi,1,59.09399,5,true,107045,4,7,19,false
107045,PCfBQTE9yQ,1,168.5259,5,true,107045,4,7,19,false
107045,SbdjrYVUry,1,113.6533,11,true,107045,4,7,19,false
107045,SgCcwkAxGQ,1,108.1821,10,true,107045,4,7,19,false
107045,TZ9Rfod7wQ,1,44.46667,4,true,107045,4,7,19,true
107045,Tp88NEDytf,1,128.4238,4,true,107045,4,7,19,true
107045,URxOKI9O7N,1,89.04028,8,true,107045,4,7,19,false
107045,WZfcTtiqsK,1,92.76294,7,true,107045,4,7,19,false
107045,YeUV9hapaA,2,60.334469999999996,8,true,107045,4,7,19,false
107045,ZANAC6l7XM,1,76.98364,7,true,107045,4,7,19,false
107045,aJDGP7LS3I,2,74.35181,9,true,107045,4,7,19,false
107045,amUAet0x6T,1,42.30884,4,true,107045,4,7,19,true
107045,bAmPHFenyb,1,85.4751,4,true,107045,4,7,19,true
107045,d57PCNSbzH,2,91.30982,14,true,107045,4,7,19,false
107045,eu8GqGa4Ep,1,25.16846,41,true,107045,4,7,19,false
107045,ihezj9FJFR,1,67.10498,9,true,107045,4,7,19,false
107045,oGzpAvCzGu,1,136.5867,4,true,107045,4,7,19,true
107045,oezVZvTzNs,1,139.2524,6,true,107045,4,7,19,false
107045,tgfPpHX5nK,1,68.31323,4,true,107045,4,7,19,true
107045,zBl0qis9vZ,1,57.02051,4,true,107045,4,7,19,true
107045,zcvB59Bh1f,1,114.9341,9,true,107045,4,7,19,false
107045,zgKnayJCLp,1,158.5754,4,true,107045,4,7,19,true
106028,2y33FXDKgy,1,37.77686,4,true,106028,4,9,55,true
106028,5XMthsaPx3,2,163.99803000000003,7,true,106028,4,9,55,false
106028,7AoPr2bnyt,1,49.07227,4,true,106028,4,9,55,true
106028,BCRxVKUeup,2,97.0127,8,true,106028,4,9,55,false
106028,BDu7R1r8kl,1,102.012,4,true,106028,4,9,55,true
106028,Dt3Eg9I18t,1,161.0952,5,true,106028,4,9,55,false
106028,EK5tuPRbrs,29,9272.562785189997,42,true,106028,4,9,55,false
106028,EmyMDz1UCK,1,229.2134,11,true,106028,4,9,55,false
106028,FRdoQ5ndRp,1,118.4373,4,true,106028,4,9,55,true
106028,GyHK5eVubE,2,350.8501,12,true,106028,4,9,55,false
106028,H5sA57EnOq,3,244.99243,41,true,106028,4,9,55,false
106028,Hkkh1FLGMF,6,394.82815,41,true,106028,4,9,55,false
106028,MOBiIuj4HJ,1,114.4139,5,true,106028,4,9,55,false
106028,N5H1upTQAc,1,23.72485,0,false,106028,4,9,55,false
106028,OG4x7oVhdi,1,120.9758,4,true,106028,4,9,55,true
106028,SbdjrYVUry,2,224.02354,10,true,106028,4,9,55,false
106028,SgCcwkAxGQ,1,68.57458,4,true,106028,4,9,55,true
106028,TZ9Rfod7wQ,1,52.03125,4,true,106028,4,9,55,true
106028,Tp88NEDytf,2,405.3962,16,true,106028,4,9,55,false
106028,URxOKI9O7N,2,111.89844000000001,41,true,106028,4,9,55,false
106028,WZfcTtiqsK,1,138.2986,6,true,106028,4,9,55,false
106028,YeUV9hapaA,3,322.57203,11,true,106028,4,9,55,false
106028,ZANAC6l7XM,1,113.332,6,true,106028,4,9,55,false
106028,aJDGP7LS3I,3,77.40283,9,true,106028,4,9,55,false
106028,amUAet0x6T,2,455.5223,23,true,106028,4,9,55,false
106028,bAmPHFenyb,1,254.5674,41,true,106028,4,9,55,false
106028,d57PCNSbzH,1,109.9978,10,true,106028,4,9,55,false
106028,eu8GqGa4Ep,1,19.56958,41,true,106028,4,9,55,false
106028,ihezj9FJFR,1,96.60352,6,true,106028,4,9,55,false
106028,oGzpAvCzGu,1,106.7231,4,true,106028,4,9,55,true
106028,oezVZvTzNs,7,679.904757,41,true,106028,4,9,55,false
106028,tgfPpHX5nK,1,100.4292,10,true,106028,4,9,55,false
106028,zBl0qis9vZ,2,183.54785,13,true,106028,4,9,55,false
106028,zcvB59Bh1f,2,336.8178,14,true,106028,4,9,55,false
106028,zgKnayJCLp,1,81.73828,4,true,106028,4,9,55,true
130391,2y33FXDKgy,1,40.72388,4,true,130391,4,9,232,true
130391,5XMthsaPx3,2,159.69819529999998,8,true,130391,4,9,232,false
130391,7AoPr2bnyt,1,32.40479,5,true,130391,4,9,232,false
130391,AfrjWapHEG,1,92.52515,4,true,130391,4,9,232,true
130391,BDu7R1r8kl,2,66.54077,7,true,130391,4,9,232,false
130391,EK5tuPRbrs,37,16002.05854458,42,true,130391,4,9,232,false
130391,EmyMDz1UCK,1,101.4937,5,true,130391,4,9,232,false
130391,FRdoQ5ndRp,1,164.7253,4,true,130391,4,9,232,true
130391,GyHK5eVubE,3,158.36963,12,true,130391,4,9,232,false
130391,H5sA57EnOq,2,76.03223,10,true,130391,4,9,232,false
130391,Hkkh1FLGMF,5,138.27880399999998,13,true,130391,4,9,232,false
130391,MOBiIuj4HJ,1,57.9209,4,true,130391,4,9,232,true
130391,N5H1upTQAc,2,74.333987,6,true,130391,4,9,232,false
130391,OG4x7oVhdi,1,62.5083,4,true,130391,4,9,232,true
130391,PCfBQTE9yQ,1,92.97705,4,true,130391,4,9,232,true
130391,SbdjrYVUry,3,482.5304,16,true,130391,4,9,232,false
130391,SgCcwkAxGQ,1,67.40234,4,true,130391,4,9,232,true
130391,TZ9Rfod7wQ,1,51.75208,7,true,130391,4,9,232,false
130391,Tp88NEDytf,1,112.7368,7,true,130391,4,9,232,false
130391,URxOKI9O7N,4,119.1018,13,true,130391,4,9,232,false
130391,WZfcTtiqsK,2,92.86988,9,true,130391,4,9,232,false
130391,YeUV9hapaA,3,76.927255,13,true,130391,4,9,232,false
130391,ZANAC6l7XM,1,122.3291,4,true,130391,4,9,232,true
130391,aJDGP7LS3I,2,64.49903,8,true,130391,4,9,232,false
130391,amUAet0x6T,1,52.64136,4,true,130391,4,9,232,true
130391,bAmPHFenyb,1,22.12354,41,true,130391,4,9,232,false
130391,d57PCNSbzH,3,169.00488,14,true,130391,4,9,232,false
130391,ihezj9FJFR,1,41.33789,5,true,130391,4,9,232,false
130391,oGzpAvCzGu,1,172.646,4,true,130391,4,9,232,true
130391,oezVZvTzNs,2,257.669913,12,true,130391,4,9,232,false
130391,tgfPpHX5nK,3,184.48389,17,true,130391,4,9,232,false
130391,zBl0qis9vZ,2,203.81108,9,true,130391,4,9,232,false
130391,zcvB59Bh1f,1,121.4346,10,true,130391,4,9,232,false
130391,zgKnayJCLp,2,158.62525,4,true,130391,4,9,232,true
129300,2y33FXDKgy,2,50.08227,8,true,129300,4,13,119,false
129300,5XMthsaPx3,1,103.5869,4,true,129300,4,13,119,true
129300,7AoPr2bnyt,1,48.37598,4,true,129300,4,13,119,true
129300,AfrjWapHEG,1,213.2151,7,true,129300,4,13,119,false
129300,BCRxVKUeup,2,73.058595,8,true,129300,4,13,119,false
129300,BDu7R1r8kl,1,102.3052,5,true,129300,4,13,119,false
129300,Dt3Eg9I18t,7,199.90527300000002,19,true,129300,4,13,119,false
129300,EK5tuPRbrs,1,48.51514,10,true,129300,4,13,119,false
129300,EmyMDz1UCK,1,148.937,8,true,129300,4,13,119,false
129300,FRdoQ5ndRp,2,120.92359,8,true,129300,4,13,119,false
129300,GyHK5eVubE,2,238.1477,15,true,129300,4,13,119,false
129300,H5sA57EnOq,1,52.21411,7,true,129300,4,13,119,false
129300,MOBiIuj4HJ,1,67.61536,4,true,129300,4,13,119,true
129300,N5H1upTQAc,2,114.311718,9,true,129300,4,13,119,false
129300,OG4x7oVhdi,1,100.8425,5,true,129300,4,13,119,false
129300,PCfBQTE9yQ,1,385.2646,8,true,129300,4,13,119,false
129300,SbdjrYVUry,2,309.1255,9,true,129300,4,13,119,false
129300,SgCcwkAxGQ,1,83.06226,8,true,129300,4,13,119,false
129300,TZ9Rfod7wQ,1,46.53406,6,true,129300,4,13,119,false
129300,Tp88NEDytf,1,285.0732,7,true,129300,4,13,119,false
129300,URxOKI9O7N,2,42.75586199999999,41,true,129300,4,13,119,false
129300,WZfcTtiqsK,1,66.81445,6,true,129300,4,13,119,false
129300,YeUV9hapaA,1,44.8418,6,true,129300,4,13,119,false
129300,ZANAC6l7XM,1,159.1807,9,true,129300,4,13,119,false
129300,aJDGP7LS3I,1,52.85205,6,true,129300,4,13,119,false
129300,amUAet0x6T,2,102.60059000000001,7,true,129300,4,13,119,false
129300,bAmPHFenyb,1,45.85352,41,true,129300,4,13,119,false
129300,d57PCNSbzH,1,90.43823,12,true,129300,4,13,119,false
129300,ihezj9FJFR,3,97.312007,11,true,129300,4,13,119,false
129300,oGzpAvCzGu,1,101.2092,4,true,129300,4,13,119,true
129300,oezVZvTzNs,2,163.54056,9,true,129300,4,13,119,false
129300,tgfPpHX5nK,3,84.549813,11,true,129300,4,13,119,false
129300,zBl0qis9vZ,1,76.18213,8,true,129300,4,13,119,false
129300,zcvB59Bh1f,2,122.20119,10,true,129300,4,13,119,false
129300,zgKnayJCLp,1,138.6975,7,true,129300,4,13,119,false
128629,2y33FXDKgy,7,157.7517096,41,true,128629,4,25,452,false
128629,5XMthsaPx3,1,92.91406,4,true,128629,4,25,452,true
128629,7AoPr2bnyt,6,148.9628844,41,true,128629,4,25,452,false
128629,AfrjWapHEG,6,219.07934,14,true,128629,4,25,452,false
128629,BCRxVKUeup,4,230.814468,41,true,128629,4,25,452,false
128629,BDu7R1r8kl,1,133.6719,4,true,128629,4,25,452,true
128629,Dt3Eg9I18t,8,407.47019400000005,42,true,128629,4,25,452,false
128629,EK5tuPRbrs,27,53674.79717129999,42,true,128629,4,25,452,false
128629,EmyMDz1UCK,2,357.98096999999996,15,true,128629,4,25,452,false
128629,FRdoQ5ndRp,1,172.1982,5,true,128629,4,25,452,false
128629,GyHK5eVubE,3,425.08012,9,true,128629,4,25,452,false
128629,H5sA57EnOq,3,194.93945000000002,41,true,128629,4,25,452,false
128629,Hkkh1FLGMF,1,78.41626,5,true,128629,4,25,452,false
128629,MOBiIuj4HJ,2,187.41405,17,true,128629,4,25,452,false
128629,N5H1upTQAc,5,146.841558,17,true,128629,4,25,452,false
128629,OG4x7oVhdi,1,89.76001,8,true,128629,4,25,452,false
128629,PCfBQTE9yQ,1,732.8711,10,true,128629,4,25,452,false
128629,SbdjrYVUry,3,465.0645999999999,8,true,128629,4,25,452,false
128629,SgCcwkAxGQ,4,159.86255,17,true,128629,4,25,452,false
128629,TZ9Rfod7wQ,1,81.21423,9,true,128629,4,25,452,false
128629,Tp88NEDytf,5,712.07566,43,true,128629,4,25,452,false
128629,URxOKI9O7N,5,2884.5519156,42,true,128629,4,25,452,false
128629,WZfcTtiqsK,4,524.57494,22,true,128629,4,25,452,false
128629,YeUV9hapaA,15,25315.351990600004,42,true,128629,4,25,452,false
128629,ZANAC6l7XM,2,233.1275,33,true,128629,4,25,452,false
128629,aJDGP7LS3I,3,92.305176,41,true,128629,4,25,452,false
128629,amUAet0x6T,2,173.00684,15,true,128629,4,25,452,false
128629,bAmPHFenyb,1,23.3916,41,true,128629,4,25,452,false
128629,d57PCNSbzH,12,19597.193465,42,true,128629,4,25,452,false
128629,ihezj9FJFR,6,236.89062,34,true,128629,4,25,452,false
128629,oGzpAvCzGu,1,168.7122,4,true,128629,4,25,452,true
128629,oezVZvTzNs,4,450.12352200000004,41,true,128629,4,25,452,false
128629,tgfPpHX5nK,4,145.931641,21,true,128629,4,25,452,false
128629,zBl0qis9vZ,9,285.69189000000006,41,true,128629,4,25,452,false
128629,zcvB59Bh1f,10,471.6709747,39,true,128629,4,25,452,false
128629,zgKnayJCLp,1,83.38599,4,true,128629,4,25,452,true
142090,2y33FXDKgy,1,42.68774,7,true,142090,4,24,700,false
142090,5XMthsaPx3,1,155.9063,5,true,142090,4,24,700,false
142090,7AoPr2bnyt,2,58.02637,8,true,142090,4,24,700,false
142090,AfrjWapHEG,5,368.10692,30,true,142090,4,24,700,false
142090,BDu7R1r8kl,1,79.16187,4,true,142090,4,24,700,true
142090,EK5tuPRbrs,35,5945.078077,41,true,142090,4,24,700,false
142090,EmyMDz1UCK,1,98.61426,5,true,142090,4,24,700,false
142090,FRdoQ5ndRp,2,158.72481,17,true,142090,4,24,700,false
142090,GyHK5eVubE,2,147.0752,6,true,142090,4,24,700,false
142090,H5sA57EnOq,1,52.23413,7,true,142090,4,24,700,false
142090,Hkkh1FLGMF,1,90.44238,9,true,142090,4,24,700,false
142090,MOBiIuj4HJ,1,78.25854,6,true,142090,4,24,700,false
142090,N5H1upTQAc,1,76.96143,6,true,142090,4,24,700,false
142090,OG4x7oVhdi,1,58.84326,6,true,142090,4,24,700,false
142090,PCfBQTE9yQ,1,102.8066,9,true,142090,4,24,700,false
142090,SbdjrYVUry,2,342.5109,14,true,142090,4,24,700,false
142090,SgCcwkAxGQ,1,98.44019,4,true,142090,4,24,700,true
142090,TZ9Rfod7wQ,1,47.88403,6,true,142090,4,24,700,false
142090,Tp88NEDytf,1,174.1012,9,true,142090,4,24,700,false
142090,URxOKI9O7N,2,62.743159999999996,41,true,142090,4,24,700,false
142090,WZfcTtiqsK,2,134.56324,9,true,142090,4,24,700,false
142090,YeUV9hapaA,1,72.22314,9,true,142090,4,24,700,false
142090,ZANAC6l7XM,1,118.5005,9,true,142090,4,24,700,false
142090,aJDGP7LS3I,1,201.2441,5,true,142090,4,24,700,false
142090,amUAet0x6T,1,136.5457,7,true,142090,4,24,700,false
142090,bAmPHFenyb,1,20.40527,41,true,142090,4,24,700,false
142090,d57PCNSbzH,2,79.81347,13,true,142090,4,24,700,false
142090,ihezj9FJFR,1,31.03516,2,false,142090,4,24,700,false
142090,oGzpAvCzGu,2,130.23926,6,true,142090,4,24,700,false
142090,tgfPpHX5nK,4,759.94776,12,true,142090,4,24,700,false
142090,zBl0qis9vZ,8,241.32080340000002,35,true,142090,4,24,700,false
142090,zcvB59Bh1f,1,64.91699,5,true,142090,4,24,700,false
142090,zgKnayJCLp,1,88.7666,12,true,142090,4,24,700,false
139693,2y33FXDKgy,11,172.295892,42,true,139693,4,28,616,false
139693,5XMthsaPx3,1,125.4629,16,true,139693,4,28,616,false
139693,7AoPr2bnyt,3,130.317869,24,true,139693,4,28,616,false
139693,AfrjWapHEG,8,490.38577200000003,35,true,139693,4,28,616,false
139693,BDu7R1r8kl,1,78.99634,4,true,139693,4,28,616,true
139693,EK5tuPRbrs,21,78.6792046,39,false,139693,4,28,616,false
139693,EmyMDz1UCK,5,371.89995,29,true,139693,4,28,616,false
139693,FRdoQ5ndRp,3,492.89922,9,true,139693,4,28,616,false
139693,GyHK5eVubE,1,156.2856,6,true,139693,4,28,616,false
139693,H5sA57EnOq,5,135.56005,41,true,139693,4,28,616,false
139693,Hkkh1FLGMF,4,177.49561,17,true,139693,4,28,616,false
139693,MOBiIuj4HJ,1,116.5852,4,true,139693,4,28,616,true
139693,N5H1upTQAc,2,149.29834,10,true,139693,4,28,616,false
139693,OG4x7oVhdi,2,107.00464,6,true,139693,4,28,616,false
139693,PCfBQTE9yQ,2,194.37549,7,true,139693,4,28,616,false
139693,SbdjrYVUry,3,371.04504,13,true,139693,4,28,616,false
139693,SgCcwkAxGQ,4,185.80615,12,true,139693,4,28,616,false
139693,TZ9Rfod7wQ,1,111.1899,42,true,139693,4,28,616,false
139693,Tp88NEDytf,3,475.7397,7,true,139693,4,28,616,false
139693,URxOKI9O7N,1,128.6848,42,true,139693,4,28,616,false
139693,WZfcTtiqsK,3,404.96855,19,true,139693,4,28,616,false
139693,YeUV9hapaA,3,128.1543,41,true,139693,4,28,616,false
139693,ZANAC6l7XM,1,113.5825,9,true,139693,4,28,616,false
139693,aJDGP7LS3I,1,95.45093,14,true,139693,4,28,616,false
139693,amUAet0x6T,1,42.68945,4,true,139693,4,28,616,true
139693,bAmPHFenyb,1,38.24219,41,true,139693,4,28,616,false
139693,d57PCNSbzH,7,308.34668,41,true,139693,4,28,616,false
139693,ihezj9FJFR,7,179.3838,29,true,139693,4,28,616,false
139693,oGzpAvCzGu,2,209.67721999999998,7,true,139693,4,28,616,false
139693,oezVZvTzNs,7,279.202144,28,false,139693,4,28,616,false
139693,tgfPpHX5nK,2,65.50977,8,true,139693,4,28,616,false
139693,zBl0qis9vZ,6,461.51462000000004,41,true,139693,4,28,616,false
139693,zcvB59Bh1f,1,75.46729,6,true,139693,4,28,616,false
139693,zgKnayJCLp,5,329.617938,6,true,139693,4,28,616,false
138017,2y33FXDKgy,4,137.292969,19,true,138017,5,23,999,false
138017,7AoPr2bnyt,1,42.16846,5,true,138017,5,23,999,true
138017,AfrjWapHEG,1,124.7861,8,true,138017,5,23,999,false
138017,BDu7R1r8kl,1,112.6824,6,true,138017,5,23,999,false
138017,EK5tuPRbrs,4,3102.03857609,51,true,138017,5,23,999,false
138017,EmyMDz1UCK,1,167.564,5,true,138017,5,23,999,true
138017,FRdoQ5ndRp,2,28.220215,51,true,138017,5,23,999,false
138017,GyHK5eVubE,4,247.70898,22,true,138017,5,23,999,false
138017,H5sA57EnOq,6,199.8689228,51,true,138017,5,23,999,false
138017,MOBiIuj4HJ,1,75.23584,5,true,138017,5,23,999,true
138017,N5H1upTQAc,2,477.60380000000004,10,false,138017,5,23,999,false
138017,OG4x7oVhdi,2,238.301,14,true,138017,5,23,999,false
138017,PCfBQTE9yQ,1,142.1953,5,true,138017,5,23,999,true
138017,SbdjrYVUry,1,180.0059,16,true,138017,5,23,999,false
138017,SgCcwkAxGQ,1,87.75635,5,false,138017,5,23,999,true
138017,TZ9Rfod7wQ,2,73.15967,51,true,138017,5,23,999,false
138017,Tp88NEDytf,2,435.8745,16,true,138017,5,23,999,false
138017,URxOKI9O7N,1,22.58838,51,true,138017,5,23,999,false
138017,WZfcTtiqsK,1,132.4761,51,true,138017,5,23,999,false
138017,YeUV9hapaA,4,171.56348000000003,24,true,138017,5,23,999,false
138017,ZANAC6l7XM,1,182.8486,8,true,138017,5,23,999,false
138017,aJDGP7LS3I,1,91.4397,8,true,138017,5,23,999,false
138017,amUAet0x6T,1,130.9268,5,true,138017,5,23,999,true
138017,bAmPHFenyb,1,29.4248,51,true,138017,5,23,999,false
138017,d57PCNSbzH,14,373.8422858,51,true,138017,5,23,999,false
138017,ihezj9FJFR,2,130.6289,14,true,138017,5,23,999,false
138017,oGzpAvCzGu,3,322.70218,19,true,138017,5,23,999,false
138017,tgfPpHX5nK,2,120.11524,13,true,138017,5,23,999,false
138017,zBl0qis9vZ,4,1454.383825,23,true,138017,5,23,999,false
138017,zcvB59Bh1f,2,330.2862,20,true,138017,5,23,999,false
138017,zgKnayJCLp,2,116.21534,5,true,138017,5,23,999,true
